-- phpMyAdmin SQL Dump
-- version 4.8.2
-- https://www.phpmyadmin.net/
--
-- Hôte : localhost
-- Généré le :  mar. 24 juil. 2018 à 15:00
-- Version du serveur :  10.1.34-MariaDB
-- Version de PHP :  7.2.7

SET SQL_MODE = "NO_AUTO_VALUE_ON_ZERO";
SET AUTOCOMMIT = 0;
START TRANSACTION;
SET time_zone = "+00:00";


/*!40101 SET @OLD_CHARACTER_SET_CLIENT=@@CHARACTER_SET_CLIENT */;
/*!40101 SET @OLD_CHARACTER_SET_RESULTS=@@CHARACTER_SET_RESULTS */;
/*!40101 SET @OLD_COLLATION_CONNECTION=@@COLLATION_CONNECTION */;
/*!40101 SET NAMES utf8mb4 */;

--
-- Base de données :  `db_rgpdlpd`
--
DROP DATABASE IF EXISTS db_rgpdlpd;
CREATE DATABASE db_rgpdlpd;
USE db_rgpdlpd;

-- --------------------------------------------------------

--
-- Structure de la table `choix`
--

CREATE TABLE `choix` (
  `id` int(11) NOT NULL,
  `text` text NOT NULL,
  `idQuestion` int(11) NOT NULL
) ENGINE=InnoDB DEFAULT CHARSET=latin1;

--
-- Déchargement des données de la table `choix`
--

INSERT INTO `choix` (`id`, `text`, `idQuestion`) VALUES
(2, 'Données diverses', 1),
(3, 'Données anonymes', 1),
(4, 'Données nécessaires uniquement', 1),
(5, 'Oui, au moyen d\'un registre', 2),
(6, 'Vaguement', 2),
(7, 'À l\'interne (Suisse)', 3),
(8, 'À l\'externe (sous-traitant)', 3),
(9, 'À l\'interne + une sauvegarde externe', 3),
(10, 'Les membres du projet', 4),
(11, 'Les collaborateurs du Lab', 4),
(12, 'Accès libre (publique)', 4),
(13, 'Avec un consentement libre', 5),
(14, 'Avec un consentement présumé', 5),
(15, 'Sans consentement requis', 5),
(16, 'Dans un but précis et fixe', 6),
(17, 'Dans un but qui pourrait évoluer', 6),
(18, 'Sans but précis et mentionné', 6),
(19, 'Non, pas du tout', 2);

-- --------------------------------------------------------

--
-- Structure de la table `lab`
--

CREATE TABLE `lab` (
  `id` int(11) NOT NULL,
  `nom` varchar(50) NOT NULL
) ENGINE=InnoDB DEFAULT CHARSET=latin1;

--
-- Déchargement des données de la table `lab`
--

INSERT INTO `lab` (`id`, `nom`) VALUES
(1, 'AISLab'),
(2, 'ConEx'),
(3, 'Cyberlearn'),
(4, 'Data Semantics'),
(5, 'DUDE'),
(6, 'EasiLab'),
(7, 'Enslab'),
(8, 'HUCO'),
(9, 'MedGIFT'),
(10, 'SAP Academic Competence Center Valais'),
(11, 'SI-Lab'),
(12, 'Inno'),
(13, 'Service Design'),
(14, 'Lead'),
(15, 'Energie Management');

-- --------------------------------------------------------

--
-- Structure de la table `perimetre`
--

CREATE TABLE `perimetre` (
  `id` int(11) NOT NULL,
  `nom` varchar(50) NOT NULL,
  `description` text NOT NULL
) ENGINE=InnoDB DEFAULT CHARSET=latin1;

--
-- Déchargement des données de la table `perimetre`
--

INSERT INTO `perimetre` (`id`, `nom`, `description`) VALUES
(1, 'rgpd', 'Règlement Général sur la Protection des Données (Europe)'),
(2, 'lpd', 'Loi sur la Protection des Données (Suisse)'),
(3, 'nlpd', 'Projet de révision de la Loi sur la Protection des Données (Suisse)');

-- --------------------------------------------------------

--
-- Structure de la table `question`
--

CREATE TABLE `question` (
  `id` int(11) NOT NULL,
  `text` text NOT NULL
) ENGINE=InnoDB DEFAULT CHARSET=latin1;

--
-- Déchargement des données de la table `question`
--

INSERT INTO `question` (`id`, `text`) VALUES
(1, 'Quelles données sont traitées ?'),
(2, 'Les données traitées sont-elles répertoriées ?'),
(3, 'Où les données sont-elles stockées ?'),
(4, 'Qui a accès aux données traitées ?'),
(5, 'Comment le traitement est-il autorisé ?'),
(6, 'Pourquoi est fait le traitement ?');

-- --------------------------------------------------------

--
-- Structure de la table `responsable`
--

CREATE TABLE `responsable` (
  `id` int(11) NOT NULL,
  `nom` varchar(50) NOT NULL
) ENGINE=InnoDB DEFAULT CHARSET=latin1;

--
-- Déchargement des données de la table `responsable`
--

INSERT INTO `responsable` (`id`, `nom`) VALUES
(1, 'Alexandre Cotting'),
(2, 'Francesco Cimmino');

-- --------------------------------------------------------

--
-- Structure de la table `resultat`
--

CREATE TABLE `resultat` (
  `id` int(11) NOT NULL,
  `idLab` int(11) DEFAULT NULL,
  `idType` int(11) NOT NULL,
  `idResponsable` int(11) DEFAULT NULL,
  `idChoix` int(11) NOT NULL,
  `idPerimetre` int(11) NOT NULL,
  `categorie` varchar(50) NOT NULL,
  `description` text NOT NULL
) ENGINE=InnoDB DEFAULT CHARSET=latin1;

--
-- Déchargement des données de la table `resultat`
--

INSERT INTO `resultat` (`id`, `idLab`, `idType`, `idResponsable`, `idChoix`, `idPerimetre`, `categorie`, `description`) VALUES
(1, NULL, 1, NULL, 4, 1, 'Limiter les risques', 'Un traitement doit respecter le cardre légal défini par le droit\r\nde l\'Union Européenne. Le fait de taiter seulement des\r\ndonnées nécessaires limite la gravité des risques. Cela peut encore être réduit en minimisant encore une fois les données collectées jugées nécessaires en filtrant et en retirant les données inutiles et en les rattachant à un pseudo.'),
(2, NULL, 1, NULL, 3, 1, 'Anonymisation et pseudonymisation', 'Un traitement doit respecter le cardre légal défini par le droit\r\nde l\'Union Européenne. Il est important de bien distinguer le fait que l\'anonymisation doit permettre d\'éviter de relier les données entre elles, de pouvoir constituer un individu et de déduire l\'information d\'un individu. Si ces liens peuvent être conclus, ce n\'est pas de l\'anonymisation mais de la pseudonymisation qui est appliquée.'),
(13, NULL, 2, NULL, 4, 1, 'Limiter la gravité des risques', 'Un traitement doit respecter le cardre légal défini par le droit\r\nde l\'Union Européenne. Le fait de taiter seulement des\r\ndonnées nécessaires limite la gravité des risques. Cela peut encore être réduit en minimisant encore une fois les données collectées jugées nécessaires en filtrant et en retirant les données inutiles et en les rattachant à un pseudo.'),
(14, NULL, 2, NULL, 2, 1, 'Confidentialité des données', 'Un traitement doit respecter le cardre légal défini par le droit de l\'Union Européenne. Afin d\'assurer la confidentialié des données des mesures doivent être mises en place comme le chiffrement des données conservées, le fait de les rendre anonymes afin d\'éviter leur rattachement à un individu ou enore de les rattacher à un pseudo pour éviter leur liens à une personne précise. Les données doivent en tout temps être exactes et rectifiées si nécessaire afin d\'être à jour. Il est important de récolter seulement les données nécessaires afin de réduire la gravité des risques.'),
(15, NULL, 2, NULL, 3, 3, 'Profilage', 'Les données biométriques et génétiques seront formellement intégrées à la notion de données sensibles. \r\nLa notion de profil de la LPD est remplacée par celle de profilage qui se définir ainsi : « toute évaluation de certaines caractéristiques d’une personne sur la base de données personnelles traitées de manière automatisée afin notamment d’analyser ou de prédire son rendement au travail, sa situation économique, sa santé, son comportement, ses préférences, sa localisation ou ses déplacements ». La notion de traitement automatisé est également rajoutée à ce nouveau concept.'),
(16, NULL, 3, NULL, 4, 1, 'Données nécessaires', 'Un traitement doit respecter le cardre légal défini par le droit\r\nde l\'Union Européenne. Le fait de taiter seulement des\r\ndonnées nécessaires limite la gravité des risques. Cela peut encore être réduit en minimisant encore une fois les données collectées jugées nécessaires en filtrant et en retirant les données inutiles et en les rattachant à un pseudo.'),
(17, NULL, 3, NULL, 2, 1, 'Respect du cadre légal', 'Un traitement doit respecter le cardre légal défini par le droit de l\'Union Européenne.\r\nAfin d\'assurer la confidentialié des données des mesures doivent être mises en place comme le chiffrement des données conservées, le fait de les rendre anonymes afin d\'éviter leur rattachement à un individu ou enore de les rattacher à un pseudo pour éviter leur liens à une personne précise. Les données doivent en tout temps être exactes et rectifiées si nécessaire afin d\'être à jour. Il est important de récolter seulement les données nécessaires afin de réduire la gravité des risques.'),
(18, NULL, 3, NULL, 3, 1, 'Anonymisation et pseudonymisation', 'Un traitement doit respecter le cardre légal défini par le droit\r\nde l\'Union Européenne. Il est important de bien distinguer le fait que l\'anonymisation doit permettre d\'éviter de relier les données entre elles, de pouvoir constituer un individu et de déduire l\'information d\'un individu. Si ces liens peuvent être conclus, ce n\'est pas de l\'anonymisation mais de la pseudonymisation qui est appliquée.'),
(19, NULL, 1, NULL, 2, 2, 'Données correctes', 'Tout traitement de données doit être licite. Leur traitement \r\ndoit être effectué conformément aux principes de la bonne foi et de la proportionnalité. Celui qui traite des données personnelles doit s’assurer qu’elles sont correctes. Il prend toute mesure appropriée permettant d’effacer ou de rectifier les données inexactes ou incomplètes au regard des finalités pour lesquelles elles sont collectées ou traitées.Toute personne concernée peut requérir la rectification des données inexactes. Quiconque traite des données personnelles ne doit pas porter une atteinte illicite à\r\nla personnalité des personnes concernées.'),
(20, NULL, 1, NULL, 3, 2, 'Rectification des données', 'Tout traitement de données doit être licite. Leur traitement \r\ndoit être effectué conformément aux principes de la bonne foi et de la proportionnalité.  Celui qui traite des données personnelles doit s’assurer qu’elles sont correctes. Il prend toute mesure appropriée permettant d’effacer ou de rectifier les données inexactes ou incomplètes au regard des finalités pour lesquelles elles sont collectées ou traitées.Toute personne concernée peut requérir la rectification des données inexactes. Quiconque traite des données personnelles ne doit pas porter une atteinte illicite à\r\nla personnalité des personnes concernées.'),
(21, NULL, 1, NULL, 4, 2, 'Exactitude des données', 'Tout traitement de données doit être licite. Leur traitement \r\ndoit être effectué conformément aux principes de la bonne foi et de la proportionnalité.  Celui qui traite des données personnelles doit s’assurer qu’elles sont correctes. Il prend toute mesure appropriée permettant d’effacer ou de rectifier les données inexactes ou incomplètes au regard des finalités pour lesquelles elles sont collectées ou traitées.Toute personne concernée peut requérir la rectification des données inexactes. Quiconque traite des données personnelles ne doit pas porter une atteinte illicite à\r\nla personnalité des personnes concernées.'),
(22, NULL, 2, NULL, 2, 2, 'Traitement licite', 'Tout traitement de données doit être licite. Leur traitement \r\ndoit être effectué conformément aux principes de la bonne foi et de la proportionnalité. Celui qui traite des données doit s’assurer qu’elles sont correctes. Il prend toute mesure appropriée permettant d’effacer ou de rectifier les données inexactes ou incomplètes au regard des finalités pour lesquelles elles sont collectées ou traitées. Toute personne concernée peut requérir la rectification des données inexactes. '),
(23, NULL, 1, NULL, 2, 1, 'Exactitude des données', 'Un traitement doit respecter le cardre légal défini par le droit de l\'Union Européenne. Afin d\'assurer la confidentialié des données des mesures doivent être mises en place comme le chiffrement des données conservées, le fait de les rendre anonymes afin d\'éviter leur rattachement à un individu ou enore de les rattacher à un pseudo pour éviter leur liens à une personne précise. Les données doivent en tout temps être exactes et rectifiées si nécessaire afin d\'être à jour. Il est important de récolter seulement les données nécessaires afin de réduire la gravité des risques.'),
(24, NULL, 2, NULL, 3, 2, 'Traitement licite', 'Tout traitement de données doit être licite. Leur traitement \r\ndoit être effectué conformément aux principes de la bonne foi et de la proportionnalité. Celui qui traite des données doit s’assurer qu’elles sont correctes. Il prend toute mesure appropriée permettant d’effacer ou de rectifier les données inexactes ou incomplètes au regard des finalités pour lesquelles elles sont collectées ou traitées. Toute personne concernée peut requérir la rectification des données inexactes. '),
(25, NULL, 2, NULL, 4, 2, 'Traitement licite', 'Tout traitement de données doit être licite. Leur traitement \r\ndoit être effectué conformément aux principes de la bonne foi et de la proportionnalité. Celui qui traite des données doit s’assurer qu’elles sont correctes. Il prend toute mesure appropriée permettant d’effacer ou de rectifier les données inexactes ou incomplètes au regard des finalités pour lesquelles elles sont collectées ou traitées. Toute personne concernée peut requérir la rectification des données inexactes. '),
(26, NULL, 1, NULL, 2, 3, 'Traitements', 'On ne se place plus du point de vue des fichiers mais du point de vue des traitements. \r\nSi la notion de fichier est actuellement présente dans l\'institut, elle peut être conservée mais sous chaque fichier, ses traitements devront être mis en évidence et répertoriés. Cette nouvelle notion permet d’être plus transparent dans la gestion des données personnelles. Cela implique d’avoir un responsable pour chaque traitement.'),
(27, NULL, 1, NULL, 3, 3, 'Traitements', 'On ne se place plus du point de vue des fichiers mais du point de vue des traitements. \r\nSi la notion de fichier est actuellement présente dans l\'institut, elle peut être conservée mais sous chaque fichier, ses traitements devront être mis en évidence et répertoriés. Cette nouvelle notion permet aux entreprises d’être plus transparentes dans la gestion des données personnelles qu’elle possède. Cela implique d’avoir un responsable pour chaque traitement.'),
(28, NULL, 1, NULL, 4, 3, 'Traitements', 'On ne se place plus du point de vue des fichiers mais du point de vue des traitements. \r\nSi la notion de fichier est actuellement présente dans l\'institut, elle peut être conservée mais sous chaque fichier, ses traitements devront être mis en évidence et répertoriés. Cette nouvelle notion permet aux entreprises d’être plus transparentes dans la gestion des données personnelles qu’elle possède. Cela implique d’avoir un responsable pour chaque traitement.'),
(29, NULL, 2, NULL, 2, 3, 'Profilage', 'Les données biométriques et génétiques seront formellement intégrées à la notion de données sensibles. \r\nLa notion de profil de la LPD est remplacée par celle de profilage qui se définir ainsi : « toute évaluation de certaines caractéristiques d’une personne sur la base de données personnelles traitées de manière automatisée afin notamment d’analyser ou de prédire son rendement au travail, sa situation économique, sa santé, son comportement, ses préférences, sa localisation ou ses déplacements ». La notion de traitement automatisé est également rajoutée à ce nouveau concept.'),
(30, NULL, 2, NULL, 4, 3, 'Profilage', 'Les données biométriques et génétiques seront formellement intégrées à la notion de données sensibles. \r\nLa notion de profil de la LPD est remplacée par celle de profilage qui se définir ainsi : « toute évaluation de certaines caractéristiques d’une personne sur la base de données personnelles traitées de manière automatisée afin notamment d’analyser ou de prédire son rendement au travail, sa situation économique, sa santé, son comportement, ses préférences, sa localisation ou ses déplacements ». La notion de traitement automatisé est également rajoutée à ce nouveau concept.'),
(31, NULL, 2, NULL, 3, 1, 'Anonymisation et pseudonymisation', 'Un traitement doit respecter le cardre légal défini par le droit\r\nde l\'Union Européenne. Il est important de bien distinguer le fait que l\'anonymisation doit permettre d\'éviter de relier les données entre elles, de pouvoir constituer un individu et de déduire l\'information d\'un individu. Si ces liens peuvent être conclus, ce n\'est pas de l\'anonymisation mais de la pseudonymisation qui est appliquée.'),
(32, NULL, 3, NULL, 4, 2, 'Traitement licite', 'Tout traitement de données doit être licite. Leur traitement \r\ndoit être effectué conformément aux principes de la bonne foi et de la proportionnalité.  Celui qui traite des données personnelles doit s’assurer qu’elles sont correctes. Il prend toute mesure appropriée permettant d’effacer ou de rectifier les données inexactes ou incomplètes au regard des finalités pour lesquelles elles sont collectées ou traitées.Toute personne concernée peut requérir la rectification des données inexactes. Quiconque traite des données personnelles ne doit pas porter une atteinte illicite à\r\nla personnalité des personnes concernées.'),
(33, NULL, 3, NULL, 3, 2, 'Traitement licite', 'Tout traitement de données doit être licite. Leur traitement \r\ndoit être effectué conformément aux principes de la bonne foi et de la proportionnalité.  Celui qui traite des données personnelles doit s’assurer qu’elles sont correctes. Il prend toute mesure appropriée permettant d’effacer ou de rectifier les données inexactes ou incomplètes au regard des finalités pour lesquelles elles sont collectées ou traitées.Toute personne concernée peut requérir la rectification des données inexactes. Quiconque traite des données personnelles ne doit pas porter une atteinte illicite à\r\nla personnalité des personnes concernées.'),
(34, NULL, 3, NULL, 2, 2, 'Traitement licite', 'Tout traitement de données doit être licite. Leur traitement \r\ndoit être effectué conformément aux principes de la bonne foi et de la proportionnalité.  Celui qui traite des données personnelles doit s’assurer qu’elles sont correctes. Il prend toute mesure appropriée permettant d’effacer ou de rectifier les données inexactes ou incomplètes au regard des finalités pour lesquelles elles sont collectées ou traitées.Toute personne concernée peut requérir la rectification des données inexactes. Quiconque traite des données personnelles ne doit pas porter une atteinte illicite à\r\nla personnalité des personnes concernées.'),
(35, NULL, 3, NULL, 4, 3, 'Données sensibles', 'Les données biométriques et génétiques seront formellement intégrées à la notion de données sensibles. \r\nLa notion de profil de la LPD est remplacée par celle de profilage qui se définir ainsi : « toute évaluation de certaines caractéristiques d’une personne sur la base de données personnelles traitées de manière automatisée afin notamment d’analyser ou de prédire son rendement au travail, sa situation économique, sa santé, son comportement, ses préférences, sa localisation ou ses déplacements ». La notion de traitement automatisé est également rajoutée à ce nouveau concept.'),
(36, NULL, 3, NULL, 3, 3, 'Données sensibles', 'Les données biométriques et génétiques seront formellement intégrées à la notion de données sensibles. \r\nLa notion de profil de la LPD est remplacée par celle de profilage qui se définir ainsi : « toute évaluation de certaines caractéristiques d’une personne sur la base de données personnelles traitées de manière automatisée afin notamment d’analyser ou de prédire son rendement au travail, sa situation économique, sa santé, son comportement, ses préférences, sa localisation ou ses déplacements ». La notion de traitement automatisé est également rajoutée à ce nouveau concept.'),
(37, NULL, 3, NULL, 2, 3, 'Données sensibles', 'Les données biométriques et génétiques seront formellement intégrées à la notion de données sensibles. \r\nLa notion de profil de la LPD est remplacée par celle de profilage qui se définir ainsi : « toute évaluation de certaines caractéristiques d’une personne sur la base de données personnelles traitées de manière automatisée afin notamment d’analyser ou de prédire son rendement au travail, sa situation économique, sa santé, son comportement, ses préférences, sa localisation ou ses déplacements ». La notion de traitement automatisé est également rajoutée à ce nouveau concept.'),
(39, NULL, 2, NULL, 5, 1, 'Durée de conservation', 'Un durée de conservation doit être définie. Les données courantes et archivées doivent y figurer \r\net leurs droits d\'accès répertorié. La personne concernée a le droit d\'obtenir du responsable du traitement la confirmation que des données à caractère personnel la concernant sont ou ne sont pas traitées et, lorsqu\'elles le sont un accès à celles-la. Il existe des particularités concernant l\'accès au dossiers médicaux, et l\'exercice du droit d\'accès par les titulaires de l\'autorité parentale, pour les mineurs, ou le représentant légal, pour les personnes faisant l\'objet d\'une mesure de tutelle. Un mécanisme de suppression et de portabilié doit être implémenté. Toutes traces fonctionnelles et techniques (logs) doivent également pouvoir être effacées complètement du système en tout temps.'),
(40, NULL, 3, NULL, 5, 1, 'Durée de conservation', 'Un durée de conservation doit être définie. Les données courantes et archivées doivent y figurer \r\net leurs droits d\'accès répertorié. La personne concernée a le droit d\'obtenir du responsable du traitement la confirmation que des données à caractère personnel la concernant sont ou ne sont pas traitées et, lorsqu\'elles le sont un accès à celles-la. Il existe des particularités concernant l\'accès au dossiers médicaux, et l\'exercice du droit d\'accès par les titulaires de l\'autorité parentale, pour les mineurs, ou le représentant légal, pour les personnes faisant l\'objet d\'une mesure de tutelle. Un mécanisme de suppression et de portabilié doit être implémenté. Toutes traces fonctionnelles et techniques (logs) doivent également pouvoir être effacées complètement du système en tout temps.'),
(41, NULL, 1, NULL, 5, 2, 'Déclarer les fichiers', 'Le préposé tient un registre des fichiers accessible en ligne. Toute personne peut\r\nconsulter ce registre.\r\nLes personnes privées sont tenues de déclarer leurs fichiers si elles communiquent régulièrement des données personnelles à des tiers. Les fichiers doivent être déclarés avant d’être opérationnels sauf si un CPD est nommé.'),
(42, NULL, 2, NULL, 5, 2, 'Déclarer les fichiers', 'Le préposé tient un registre des fichiers accessible en ligne. Toute personne peut\r\nconsulter ce registre.\r\nLes personnes privées sont tenues de déclarer leurs fichiers si elles traitent régulièrement des données sensibles ou des profils de la personnalité; elles communiquent régulièrement des données personnelles à des tiers. Les fichiers doivent être déclarés avant d’être opérationnels sauf si un CPD est nommé.'),
(43, NULL, 1, NULL, 5, 1, 'Durée de conservation', 'Un durée de conservation doit être définie. Les données courantes et archivées doivent y figurer \r\net leurs droits d\'accès répertorié. La personne concernée a le droit d\'obtenir du responsable du traitement la confirmation que des données à caractère personnel la concernant sont ou ne sont pas traitées et, lorsqu\'elles le sont un accès à celles-la. Un mécanisme de suppression et de portabilié doit être implémenté. Toutes traces fonctionnelles et techniques (logs) doivent également pouvoir être effacées complètement du système en tout temps.'),
(44, NULL, 1, NULL, 5, 3, 'Conseiller à la protection des données', 'Il est recommandé de nommer un conseiller à la protection des données pour respecter le principe d’autorégulation et de répertorier ainsi les données traitées. L\'institut doit tenir un registre des traitements si il emploie plus de cinquante collaborateurs.'),
(45, NULL, 2, NULL, 5, 3, 'Conseiller à la protection des données', 'Il est recommandé de nommer un conseiller à la protection des données pour respecter\r\n le principe d’autorégulation et de répertorier ainsi les données traitées. L\'institut doit tenir un registre des traitements si il emploie plus de cinquante collaborateurs.'),
(46, NULL, 3, NULL, 5, 2, 'Déclarer les fichiers', 'Le préposé tient un registre des fichiers accessible en ligne. Toute personne peut\r\nconsulter ce registre.\r\nLes personnes privées sont tenues de déclarer leurs fichiers si elles traitent régulièrement des données sensibles ou des profils de la personnalité; elles communiquent régulièrement des données personnelles à des tiers. Les fichiers doivent être déclarés avant d’être opérationnels sauf si un CPD est nommé.'),
(47, NULL, 3, NULL, 5, 3, 'Conseiller à la protection des données', 'Il est recommandé de nommer un conseiller à la protection des données pour respecter\r\n le principe d’autorégulation et de répertorier ainsi les données traitées. L\'institut doit tenir un registre des traitements si il emploie plus de cinquante collaborateurs.'),
(48, NULL, 2, NULL, 6, 1, 'Structure et précision', 'Un registre de traitement doit être précis et structuré.\r\nUn durée de conservation doit être définie. Les données courantes et archivées doivent y figurer \r\net leurs droits d\'accès répertorié. La personne concernée a le droit d\'obtenir du responsable du traitement la confirmation que des données à caractère personnel la concernant sont ou ne sont pas traitées et, lorsqu\'elles le sont un accès à celles-la. Il existe des particularités concernant l\'accès au dossiers médicaux, et l\'exercice du droit d\'accès par les titulaires de l\'autorité parentale, pour les mineurs, ou le représentant légal, pour les personnes faisant l\'objet d\'une mesure de tutelle. Un mécanisme de suppression et de portabilié doit être implémenter. Toutes traces fonctionnelles et techniques (logs) doivent également pouvoir être effacées complètement du système.'),
(49, NULL, 3, NULL, 6, 1, 'Registre précis et structuré', 'Un registre de traitement doit être précis et structuré.\r\nUn durée de conservation doit être définie. Les données courantes et archivées doivent y figurer \r\net leurs droits d\'accès répertorié. La personne concernée a le droit d\'obtenir du responsable du traitement la confirmation que des données à caractère personnel la concernant sont ou ne sont pas traitées et, lorsqu\'elles le sont un accès à celles-la Il existe des particularités concernant l\'accès au dossiers médicaux, et l\'exercice du droit d\'accès par les titulaires de l\'autorité parentale, pour les mineurs, ou le représentant légal, pour les personnes faisant l\'objet d\'une mesure de tutelle.. Un mécanisme de suppression et de portabilié doit être implémenter. Toutes traces fonctionnelles et techniques (logs) doivent également pouvoir être effacées complètement du système.'),
(50, NULL, 1, NULL, 6, 2, 'Registre des fichiers', 'Le préposé tient un registre des fichiers accessible en ligne. Toute personne peut\r\nconsulter ce registre.\r\nLes personnes privées sont tenues de déclarer leurs fichiers si elles communiquent régulièrement des données personnelles à des tiers. Les fichiers doivent être déclarés avant d’être opérationnels sauf si un CPD est nommé.'),
(51, NULL, 2, NULL, 6, 2, 'Déclarer les fichiers', 'Le préposé tient un registre des fichiers accessible en ligne. Toute personne peut\r\nconsulter ce registre.\r\nLes personnes privées sont tenues de déclarer leurs fichiers si elles traitent régulièrement des données sensibles ou des profils de la personnalité; elles communiquent régulièrement des données personnelles à des tiers. Les fichiers doivent être déclarés avant d’être opérationnels sauf si un CPD est nommé.'),
(52, NULL, 1, NULL, 6, 1, 'Registre de traitement', 'Un registre de traitement doit être précis et structuré.\r\nUn durée de conservation doit être définie. Les données courantes et archivées doivent y figurer \r\net leurs droits d\'accès répertorié. La personne concernée a le droit d\'obtenir du responsable du traitement la confirmation que des données à caractère personnel la concernant sont ou ne sont pas traitées et, lorsqu\'elles le sont un accès à celles-la Un mécanisme de suppression et de portabilié doit être implémenter. Toutes traces fonctionnelles et techniques (logs) doivent également pouvoir être effacées complètement du système.'),
(53, NULL, 1, NULL, 6, 3, 'Registre des traitements', 'Il est recommandé de nommer un conseiller à la protection des données pour respecter le principe d’autorégulation et de répertorier ainsi les données traitées. L\'institut doit tenir un registre des traitements si il emploie plus de cinquante collaborateurs.'),
(54, NULL, 2, NULL, 6, 3, 'Registre des traitements', 'Il est recommandé de nommer un conseiller à la protection des données pour respecter\r\n le principe d’autorégulation et de répertorier ainsi les données traitées. L\'institut doit tenir un registre des traitements si il emploie plus de cinquante collaborateurs.'),
(55, NULL, 3, NULL, 6, 2, 'Déclarer les fichiers', 'Le préposé tient un registre des fichiers accessible en ligne. Toute personne peut\r\nconsulter ce registre.\r\nLes personnes privées sont tenues de déclarer leurs fichiers si elles traitent régulièrement des données sensibles ou des profils de la personnalité; elles communiquent régulièrement des données personnelles à des tiers. Les fichiers doivent être déclarés avant d’être opérationnels sauf si un CPD est nommé.'),
(56, NULL, 3, NULL, 6, 3, 'Registre des traitements', 'Il est recommandé de nommer un conseiller à la protection des données pour respecter\r\n le principe d’autorégulation et de répertorier ainsi les données traitées. L\'institut doit tenir un registre des traitements si il emploie plus de cinquante collaborateurs.'),
(57, NULL, 2, NULL, 19, 1, 'Registre de traitement', 'Un registre de traitement doit être précis et structuré.\r\nUn duréer de conservation doit être définie. Cette mesure est obligatoire si la barre de 250 collaborateurs est franchie au sein de l\'institut. Les données courantes et archivées doivent y figurer \r\net leurs droits d\'accès répertorié. La personne concernée a le droit d\'obtenir du responsable du traitement la confirmation que des données à caractère personnel la concernant sont ou ne sont pas traitées et, lorsqu\'elles le sont un accès à celles-la. Il existe des particularités concernant l\'accès au dossiers médicaux, et l\'exercice du droit d\'accès par les titulaires de l\'autorité parentale, pour les mineurs, ou le représentant légal, pour les personnes faisant l\'objet d\'une mesure de tutelle. Un mécanisme de suppression et de portabilié doit être implémenter. Toutes traces fonctionnelles et techniques (logs) doivent également pouvoir être effacées complètement du système.'),
(58, NULL, 3, NULL, 19, 1, 'Registre de traitement', 'Un registre de traitement doit être précis et structuré.\r\nUn duréer de conservation doit être définie. Cette mesure est obligatoire si la barre de 250 colaborateurs est franchie au sein de l\'institut. Les données courantes et archivées doivent y figurer \r\net leurs droits d\'accès répertorié. La personne concernée a le droit d\'obtenir du responsable du traitement la confirmation que des données à caractère personnel la concernant sont ou ne sont pas traitées et, lorsqu\'elles le sont un accès à celles-la. Il existe des particularités concernant l\'accès au dossiers médicaux, et l\'exercice du droit d\'accès par les titulaires de l\'autorité parentale, pour les mineurs, ou le représentant légal, pour les personnes faisant l\'objet d\'une mesure de tutelle. Un mécanisme de suppression et de portabilié doit être implémenter. Toutes traces fonctionnelles et techniques (logs) doivent également pouvoir être effacées complètement du système.'),
(59, NULL, 1, NULL, 19, 2, 'Déclarer les fichiers', 'Le préposé tient un registre des fichiers accessible en ligne. Toute personne peut\r\nconsulter ce registre.\r\nLes personnes privées sont tenues de déclarer leurs fichiers si elles communiquent régulièrement des données personnelles à des tiers. Les fichiers doivent être déclarés avant d’être opérationnels sauf si un CPD est nommé.'),
(60, NULL, 2, NULL, 19, 2, 'Déclarer les fichiers', 'Le préposé tient un registre des fichiers accessible en ligne. Toute personne peut\r\nconsulter ce registre.\r\nLes personnes privées sont tenues de déclarer leurs fichiers si elles traitent régulièrement des données sensibles ou des profils de la personnalité; elles communiquent régulièrement des données personnelles à des tiers. Les fichiers doivent être déclarés avant d’être opérationnels sauf si un CPD est nommé.'),
(61, NULL, 1, NULL, 19, 1, 'Registre de traitement', 'Un registre de traitement doit être précis et structuré.\r\nUne durée de conservation doit être définie. Cette mesure est obligatoire si la barre de 250 colaborateurs est franchie au sein de l\'institut. Les données courantes et archivées doivent y figurer \r\net leurs droits d\'accès répertorié. La personne concernée a le droit d\'obtenir du responsable du traitement la confirmation que des données à caractère personnel la concernant sont ou ne sont pas traitées et, lorsqu\'elles le sont un accès à celles-la. Un mécanisme de suppression et de portabilié doit être implémenter. Toutes traces fonctionnelles et techniques (logs) doivent également pouvoir être effacées complètement du système.'),
(62, NULL, 1, NULL, 19, 3, 'Registre des traitements', 'Il est recommandé de nommer un conseiller à la protection des données pour respecter le principe d’autorégulation et de répertorier ainsi les données traitées. L\'institut doit tenir un registre des traitements si il emploie plus de cinquante collaborateurs.'),
(63, NULL, 2, NULL, 19, 3, 'Registre des traitements', 'Il est recommandé de nommer un conseiller à la protection des données pour respecter\r\n le principe d’autorégulation et de répertorier ainsi les données traitées. L\'institut doit tenir un registre des traitements si il emploie plus de cinquante collaborateurs.'),
(64, NULL, 3, NULL, 19, 2, 'Déclarer les fichiers', 'Le préposé tient un registre des fichiers accessible en ligne. Toute personne peut\r\nconsulter ce registre.\r\nLes personnes privées sont tenues de déclarer leurs fichiers si elles traitent régulièrement des données sensibles ou des profils de la personnalité; elles communiquent régulièrement des données personnelles à des tiers. Les fichiers doivent être déclarés avant d’être opérationnels sauf si un CPD est nommé.'),
(65, NULL, 3, NULL, 19, 3, 'Registre des traitements', 'Il est recommandé de nommer un conseiller à la protection des données pour respecter\r\n le principe d’autorégulation et de répertorier ainsi les données traitées. L\'institut doit tenir un registre des traitements si il emploie plus de cinquante collaborateurs.'),
(66, NULL, 2, NULL, 7, 1, 'Conformité à vérifier', 'Le site d\'hébergement des donnés doit être parfaitement conforme\r\navec la loi et son pays répertorié. Afin de vérifier cela, il est obligatoire d\'être\r\nadhérant \"Privacy Shield\" ou d\'être reconnu adéquat par l\'Union Européenne. Actuellement la Suisse ne rempli pas ces critères et n\'est donc pas reconnu comme pays acceptable. Une sauvegarde supplémentaire permet d\'assurer l\'intégrité des données.'),
(67, NULL, 3, NULL, 7, 1, 'Conformité légale', 'Le site d\'hébergement des donnés doit être parfaitement conforme\r\navec la loi et son pays répertorié. Afin de vérifier cela, il est obligatoire d\'être\r\nadhérant \"Privacy Shield\" ou d\'être reconnu adéquat par l\'Union Européenne. Actuellement la Suisse ne rempli pas ces critères et n\'est donc pas reconnu comme pays acceptable. Une sauvegarde supplémentaire permet d\'assurer l\'intégrité des données.'),
(68, NULL, 1, NULL, 7, 2, 'Traitement interne', 'Si le traitement est réalisé en interne et en Suisse. La loi n\'impose aucunes contraintes.'),
(69, NULL, 2, NULL, 7, 2, 'Traitement en Suisse', 'Si le traitement est réalisé en interne et en Suisse. La loi n\'impose aucunes contraintes.'),
(70, NULL, 1, NULL, 7, 1, 'Conformité légale', 'Le site d\'hébergement des donnés doit être parfaitement conforme\r\navec la loi et son pays répertorié. Afin de vérifier cela, il est obligatoire d\'être\r\nadhérant \"\"Privacy Shield\"\" ou d\'être reconnu adéquat par l\'Union Européenne. Actuellement la Suisse ne rempli pas ces critères et n\'est donc pas reconnu comme pays acceptable. Une sauvegarde supplémentaire permet d\'assurer l\'intégrité des données'),
(71, NULL, 1, NULL, 7, 3, 'Conformité à vérifier', 'Le site d\'hébergement des donnés doit être parfaitement conforme\r\navec la loi et son pays répertorié. Afin de vérifier cela, il est obligatoire d\'être adhérant \"Privacy Shield\" ou d\'être reconnu adéquat.  Une sauvegarde supplémentaire permet d\'assurer l\'intégrité des données.'),
(72, NULL, 2, NULL, 7, 3, 'Conformité à vérifier', 'Le site d\'hébergement des donnés doit être parfaitement conforme\r\navec la loi et son pays répertorié. Afin de vérifier cela, il est obligatoire d\'être adhérant \"Privacy Shield\" ou d\'être reconnu adéquat.  Une sauvegarde supplémentaire permet d\'assurer l\'intégrité des données.'),
(73, NULL, 3, NULL, 7, 2, 'Traitement en Suisse', 'Si le traitement est réalisé en interne et en Suisse. La loi n\'impose aucunes contraintes.'),
(74, NULL, 3, NULL, 7, 3, 'Conformité à vérifier', 'Le site d\'hébergement des donnés doit être parfaitement conforme\r\navec la loi et son pays répertorié. Afin de vérifier cela, il est obligatoire d\'être adhérant \"Privacy Shield\" ou d\'être reconnu adéquat.  Une sauvegarde supplémentaire permet d\'assurer l\'intégrité des données.'),
(75, NULL, 2, NULL, 8, 1, 'Vérification de conformité', 'Le site d\'hébergement des donnés doit être parfaitement conforme\r\navec la loi et son pays répertorié. Afin de vérifier cela, il est obligatoire de s\'assurer que la société qui héberge les données est en règle : elle doit indiquer les modalités d’encadrement juridique mises en œuvre afin d’assurer une protection adéquate, être une société adhérant \"Privacy Shield\" si elle se situe hors Union Européenne ou être dans un pays reconnu adéquat par l\'Union Européenne. Actuellement la Suisse ne rempli pas ces critères et n\'est donc pas reconnu comme pays acceptable. Une sauvegarde supplémentaire permet d\'assurer l\'intégrité des données.'),
(76, NULL, 3, NULL, 8, 1, 'Conformité du sous-traitant', 'Le site d\'hébergement des donnés doit être parfaitement conforme\r\navec la loi et son pays répertorié. Afin de vérifier cela, il est obligatoire de s\'assurer que la société qui héberge les données est en règle : elle doit indiquer les modalités d’encadrement juridique mises en œuvre afin d’assurer une protection adéquate, être une société adhérant \"Privacy Shield\" si elle se situe hors Union Européenne ou être dans un pays reconnu adéquat par l\'Union Européenne. Actuellement la Suisse ne rempli pas ces critères et n\'est donc pas reconnu comme pays acceptable. Une sauvegarde supplémentaire permet d\'assurer l\'intégrité des données.'),
(77, NULL, 1, NULL, 8, 2, 'Sécurité des données', 'Le traitement de données personnelles peut être confié à un tiers pour autant qu’une convention ou la loi le prévoie et que les conditions suivantes soient remplies: seuls les traitements que le mandant serait en droit d’effectuer lui-même sont effectués; aucune obligation légale ou contractuelle de garder le secret ne l’interdit.\r\nLe mandant doit en particulier s’assurer que le tiers garantit la sécurité des données. Le tiers peut faire valoir les mêmes motifs justificatifs que le mandant.'),
(78, NULL, 2, NULL, 8, 2, 'Niveau de protection adéquat', 'Aucune donnée ne peut être communiquée à \r\nl’étranger si la personnalité des personnes concernées devait s’en trouver gravement menacée, notamment du fait de l’absence d’une législation assurant un niveau de protection adéquat. Le traitement de données peut être confié à un tiers pour autant qu’une convention ou la loi le prévoie et que les conditions suivantes soient remplies: seuls les traitements que le mandant serait en droit d’effectuer lui-même sont effectués; aucune obligation légale ou contractuelle de garder le secret ne l’interdit.\r\nLe mandant doit en particulier s’assurer que le tiers garantit la sécurité des données. Le tiers peut faire valoir les mêmes motifs justificatifs que le mandant.'),
(79, NULL, 1, NULL, 8, 1, 'Conformité légale du site', 'Le site d\'hébergement des donnés doit être parfaitement conforme\r\navec la loi et son pays répertorié. Afin de vérifier cela, il est obligatoire de s\'assurer que la société qui héberge les données est en règle : elle doit indiquer les modalités d’encadrement juridique mises en œuvre afin d’assurer une protection adéquate, être une société adhérant \"Privacy Shield\" si elle se situe hors Union Européenne ou être dans un pays reconnu adéquat par l\'Union Européenne. Actuellement la Suisse ne rempli pas ces critères et n\'est donc pas reconnu comme pays acceptable. Une sauvegarde supplémentaire permet d\'assurer l\'intégrité des données.'),
(80, NULL, 1, NULL, 8, 3, 'Site d\'hébergement', 'Le site d\'hébergement des donnés doit être parfaitement conforme\r\navec la loi et son pays répertorié. Afin de vérifier cela, il est obligatoire de s\'assurer que la société qui héberge les données est en règle : elle doit indiquer les modalités d’encadrement juridique mises en œuvre afin d’assurer une protection adéquate, être une société adhérant \"Privacy Shield\" ou être dans un pays reconnu adéquat.  Une sauvegarde supplémentaire permet d\'assurer l\'intégrité des données.'),
(81, NULL, 2, NULL, 8, 3, 'Site d\'hébergement', 'Le site d\'hébergement des donnés doit être parfaitement conforme\r\navec la loi et son pays répertorié. Afin de vérifier cela, il est obligatoire de s\'assurer que la société qui héberge les données est en règle : elle doit indiquer les modalités d’encadrement juridique mises en œuvre afin d’assurer une protection adéquate, être une société adhérant \"Privacy Shield\" ou être dans un pays reconnu adéquat.  Une sauvegarde supplémentaire permet d\'assurer l\'intégrité des données.'),
(82, NULL, 3, NULL, 8, 2, 'Sécurité des données', 'Le traitement de données personnelles peut être confié à un tiers pour autant qu’une convention ou la loi le prévoie et que les conditions suivantes soient remplies: seuls les traitements que le mandant serait en droit d’effectuer lui-même sont effectués; aucune obligation légale ou contractuelle de garder le secret ne l’interdit.\r\nLe mandant doit en particulier s’assurer que le tiers garantit la sécurité des données. Le tiers peut faire valoir les mêmes motifs justificatifs que le mandant.'),
(83, NULL, 3, NULL, 8, 3, 'Site d\'hébergement', 'Le site d\'hébergement des donnés doit être parfaitement conforme\r\navec la loi et son pays répertorié. Afin de vérifier cela, il est obligatoire de s\'assurer que la société qui héberge les données est en règle : elle doit indiquer les modalités d’encadrement juridique mises en œuvre afin d’assurer une protection adéquate, être une société adhérant \"Privacy Shield\" ou être dans un pays reconnu adéquat.  Une sauvegarde supplémentaire permet d\'assurer l\'intégrité des données.'),
(84, NULL, 2, NULL, 9, 1, 'Double vérification', 'Le site d\'hébergement des donnés doit être parfaitement conforme\r\navec la loi et son pays répertorié. Afin de vérifier cela, il est obligatoire de s\'assurer que l\'hébergement interne est en règle, de même que la société qui héberge les sauvegardes : elle doit indiquer les modalités d’encadrement juridique mises en œuvre afin d’assurer une protection adéquate, être une société adhérant \"Privacy Shield\" si elle se situe hors Union Européenne ou être dans un pays reconnu adéquat par l\'Union Européenne. Actuellement la Suisse ne rempli pas ces critères et n\'est donc pas reconnu comme pays acceptable.'),
(85, NULL, 3, NULL, 9, 1, 'Double vérification', 'Le site d\'hébergement des donnés doit être parfaitement conforme\r\navec la loi et son pays répertorié. Afin de vérifier cela, il est obligatoire de s\'assurer que l\'hébergement interne est en règle, de même que la société qui héberge les sauvegardes : elle doit indiquer les modalités d’encadrement juridique mises en œuvre afin d’assurer une protection adéquate, être une société adhérant \"Privacy Shield\" si elle se situe hors Union Européenne ou être dans un pays reconnu adéquat par l\'Union Européenne. Actuellement la Suisse ne rempli pas ces critères et n\'est donc pas reconnu comme pays acceptable.'),
(86, NULL, 1, NULL, 9, 2, 'Double vérification', 'Le traitement de données personnelles peut être confié à un tiers pour autant qu’une convention ou la loi le prévoie et que les conditions suivantes soient remplies: seuls les traitements que le mandant serait en droit d’effectuer lui-même sont effectués; aucune obligation légale ou contractuelle de garder le secret ne l’interdit.\r\nLe mandant doit en particulier s’assurer que le tiers garantit la sécurité des données. Le tiers peut faire valoir les mêmes motifs justificatifs que le mandant.'),
(87, NULL, 2, NULL, 9, 2, 'Niveau de protection adéquat', 'Aucune donnée  ne peut être communiquée à \r\nl’étranger si la personnalité des personnes concernées devait s’en trouver gravement menacée, notamment du fait de l’absence d’une législation assurant un niveau de protection adéquat. Le traitement de données peut être confié à un tiers pour autant qu’une convention ou la loi le prévoie et que les conditions suivantes soient remplies: seuls les traitements que le mandant serait en droit d’effectuer lui-même sont effectués; aucune obligation légale ou contractuelle de garder le secret ne l’interdit.\r\nLe mandant doit en particulier s’assurer que le tiers garantit la sécurité des données. Le tiers peut faire valoir les mêmes motifs justificatifs que le mandant.'),
(88, NULL, 1, NULL, 9, 1, 'Double vérification', 'Le site d\'hébergement des donnés doit être parfaitement conforme\r\navec la loi et son pays répertorié. Afin de vérifier cela, il est obligatoire de s\'assurer que l\'hébergement interne est en règle, de même que la société qui héberge les sauvegardes : elle doit indiquer les modalités d’encadrement juridique mises en œuvre afin d’assurer une protection adéquate, être une société adhérant \"Privacy Shield\" si elle se situe hors Union Européenne ou être dans un pays reconnu adéquat par l\'Union Européenne. Actuellement la Suisse ne rempli pas ces critères et n\'est donc pas reconnu comme pays acceptable.'),
(89, NULL, 1, NULL, 9, 3, 'Double vérification', 'Le site d\'hébergement des donnés doit être parfaitement conforme\r\navec la loi et son pays répertorié. Afin de vérifier cela, il est obligatoire de s\'assurer que l\'hébergement interne est en règle, de même que la société qui héberge les sauvegardes : elle doit indiquer les modalités d’encadrement juridique mises en œuvre afin d’assurer une protection adéquate, être une société adhérant \"Privacy Shield\" ou être dans un pays reconnu adéquat.'),
(90, NULL, 2, NULL, 9, 3, 'Double vérification ', 'Le site d\'hébergement des donnés doit être parfaitement conforme\r\navec la loi et son pays répertorié. Afin de vérifier cela, il est obligatoire de s\'assurer que l\'hébergement interne est en règle, de même que la société qui héberge les sauvegardes : elle doit indiquer les modalités d’encadrement juridique mises en œuvre afin d’assurer une protection adéquate, être une société adhérant \"Privacy Shield\" ou être dans un pays reconnu adéquat.'),
(91, NULL, 3, NULL, 9, 2, 'Sécurité des données', 'Le traitement de données personnelles peut être confié à un tiers pour autant qu’une convention ou la loi le prévoie et que les conditions suivantes soient remplies: seuls les traitements que le mandant serait en droit d’effectuer lui-même sont effectués; aucune obligation légale ou contractuelle de garder le secret ne l’interdit.\r\nLe mandant doit en particulier s’assurer que le tiers garantit la sécurité des données. Le tiers peut faire valoir les mêmes motifs justificatifs que le mandant.'),
(92, NULL, 3, NULL, 9, 3, 'Double vérification', 'Le site d\'hébergement des donnés doit être parfaitement conforme\r\navec la loi et son pays répertorié. Afin de vérifier cela, il est obligatoire de s\'assurer que l\'hébergement interne est en règle, de même que la société qui héberge les sauvegardes : elle doit indiquer les modalités d’encadrement juridique mises en œuvre afin d’assurer une protection adéquate, être une société adhérant \"Privacy Shield\" ou être dans un pays reconnu adéquat.'),
(93, NULL, 2, NULL, 10, 1, 'Contrôle des accès', 'Les accès logiques aux données doivent être contrôlés. \r\nIl convient de détailler les moyens d’authentification mis en œuvre\r\nen précisant les règles applicables aux mots de passe \r\n(longueur minimale, structure obligatoire, durée de validité, nombre de tentatives infructueuses avant blocage du compte, etc.). Il faut mettre en places des mesures destinées à protéger les accès vers des réseaux publics (Internet) ou non maîtrisés (partenaires), ainsi que les postes de travail et les serveurs contre les codes malveillants qui pourraient affecter la sécurité les données à caractère personnel.'),
(94, NULL, 3, NULL, 10, 1, 'Contrôle des accès', 'Les accès logiques aux données doivent être contrôlés. \r\nIl convient de détailler les moyens d’authentification mis en œuvre\r\nen précisant les règles applicables aux mots de passe \r\n(longueur minimale, structure obligatoire, durée de validité, nombre de tentatives infructueuses avant blocage du compte, etc.). Il faut mettre en places des mesures destinées à protéger les accès vers des réseaux publics (Internet) ou non maîtrisés (partenaires), ainsi que les postes de travail et les serveurs contre les codes malveillants qui pourraient affecter la sécurité les données à caractère personnel.'),
(95, NULL, 1, NULL, 10, 2, 'Protection des données', 'Les données personnelles doivent être protégées contre tout\r\n traitement non autorisé par des mesures organisationnelles et techniques appropriées. Toute personne peut demander au maître d’un fichier si des données la concernant sont traitées.'),
(96, NULL, 2, NULL, 10, 2, 'Protection des traitements', 'Les données sensibles doivent être protégées contre tout\r\n traitement non autorisé par des mesures organisationnelles et techniques appropriées. Toute personne peut demander au maître d’un fichier si des données la concernant sont traitées.'),
(97, NULL, 1, NULL, 10, 1, 'Contrôle des accès', 'Les accès logiques aux données doivent être contrôlés. \r\nIl convient de détailler les moyens d’authentification mis en œuvre\r\nen précisant les règles applicables aux mots de passe \r\n(longueur minimale, structure obligatoire, durée de validité, nombre de tentatives infructueuses avant blocage du compte, etc.). Il faut mettre en places des mesures destinées à protéger les accès vers des réseaux publics (Internet) ou non maîtrisés (partenaires), ainsi que les postes de travail et les serveurs contre les codes malveillants qui pourraient affecter la sécurité les données à caractère personnel.'),
(98, NULL, 1, NULL, 10, 3, 'Vérifier les accès', 'Les accès logiques aux données doivent être contrôlés. \r\nIl convient de détailler les moyens d’authentification mis en œuvre\r\nen précisant les règles applicables aux mots de passe \r\n(longueur minimale, structure obligatoire, durée de validité, nombre de tentatives infructueuses avant blocage du compte, etc.). Il faut mettre en places des mesures destinées à protéger les accès vers des réseaux publics (Internet) ou non maîtrisés (partenaires), ainsi que les postes de travail et les serveurs contre les codes malveillants qui pourraient affecter la sécurité les données à caractère personnel.'),
(99, NULL, 2, NULL, 10, 3, 'Vérifier les accès', 'Les accès logiques aux données doivent être contrôlés. \r\nIl convient de détailler les moyens d’authentification mis en œuvre\r\nen précisant les règles applicables aux mots de passe \r\n(longueur minimale, structure obligatoire, durée de validité, nombre de tentatives infructueuses avant blocage du compte, etc.). Il faut mettre en places des mesures destinées à protéger les accès vers des réseaux publics (Internet) ou non maîtrisés (partenaires), ainsi que les postes de travail et les serveurs contre les codes malveillants qui pourraient affecter la sécurité les données.'),
(100, NULL, 3, NULL, 10, 2, 'Protection des traitements', 'Les données personnelles doivent être protégées contre tout\r\n traitement non autorisé par des mesures organisationnelles et techniques appropriées. Toute personne peut demander au maître d’un fichier si des données la concernant sont traitées.'),
(101, NULL, 3, NULL, 10, 3, 'Vérifier les accès', 'Les accès logiques aux données doivent être contrôlés. \r\nIl convient de détailler les moyens d’authentification mis en œuvre\r\nen précisant les règles applicables aux mots de passe \r\n(longueur minimale, structure obligatoire, durée de validité, nombre de tentatives infructueuses avant blocage du compte, etc.). Il faut mettre en places des mesures destinées à protéger les accès vers des réseaux publics (Internet) ou non maîtrisés (partenaires), ainsi que les postes de travail et les serveurs contre les codes malveillants qui pourraient affecter la sécurité les données à caractère personnel.'),
(102, NULL, 2, NULL, 11, 1, 'Protéger tous les accès', 'Les accès logiques aux données doivent être contrôlés. \r\nIl convient de détailler les moyens d’authentification mis en œuvre\r\nen précisant les règles applicables aux mots de passe \r\n(longueur minimale, structure obligatoire, durée de validité, nombre de tentatives infructueuses avant blocage du compte, etc.). Il faut mettre en places des mesures destinées à protéger les accès vers des réseaux publics (Internet) ou non maîtrisés (partenaires), ainsi que les postes de travail et les serveurs contre les codes malveillants qui pourraient affecter la sécurité les données à caractère personnel.');
INSERT INTO `resultat` (`id`, `idLab`, `idType`, `idResponsable`, `idChoix`, `idPerimetre`, `categorie`, `description`) VALUES
(103, NULL, 3, NULL, 11, 1, 'Protéger tous les accès', 'Les accès logiques aux données doivent être contrôlés. \r\nIl convient de détailler les moyens d’authentification mis en œuvre\r\nen précisant les règles applicables aux mots de passe \r\n(longueur minimale, structure obligatoire, durée de validité, nombre de tentatives infructueuses avant blocage du compte, etc.). Il faut mettre en places des mesures destinées à protéger les accès vers des réseaux publics (Internet) ou non maîtrisés (partenaires), ainsi que les postes de travail et les serveurs contre les codes malveillants qui pourraient affecter la sécurité les données à caractère personnel.'),
(104, NULL, 1, NULL, 11, 2, 'Protection des données', 'Les données personnelles doivent être protégées contre tout\r\n traitement non autorisé par des mesures organisationnelles et techniques appropriées. Toute personne peut demander au maître d’un fichier si des données la concernant sont traitées.'),
(105, NULL, 2, NULL, 11, 2, 'Protection des traitements', 'Les données sensibles doivent être protégées contre tout\r\n traitement non autorisé par des mesures organisationnelles et techniques appropriées. Toute personne peut demander au maître d’un fichier si des données la concernant sont traitées.'),
(106, NULL, 1, NULL, 11, 1, 'Contrôle des accès', 'Les accès logiques aux données doivent être contrôlés. \r\nIl convient de détailler les moyens d’authentification mis en œuvre\r\nen précisant les règles applicables aux mots de passe \r\n(longueur minimale, structure obligatoire, durée de validité, nombre de tentatives infructueuses avant blocage du compte, etc.). Il faut mettre en places des mesures destinées à protéger les accès vers des réseaux publics (Internet) ou non maîtrisés (partenaires), ainsi que les postes de travail et les serveurs contre les codes malveillants qui pourraient affecter la sécurité les données à caractère personnel.'),
(107, NULL, 1, NULL, 11, 3, 'Authentification', 'Les accès logiques aux données doivent être contrôlés. \r\nIl convient de détailler les moyens d’authentification mis en œuvre\r\nen précisant les règles applicables aux mots de passe \r\n(longueur minimale, structure obligatoire, durée de validité, nombre de tentatives infructueuses avant blocage du compte, etc.). Il faut mettre en places des mesures destinées à protéger les accès vers des réseaux publics (Internet) ou non maîtrisés (partenaires), ainsi que les postes de travail et les serveurs contre les codes malveillants qui pourraient affecter la sécurité les données à caractère personnel.'),
(108, NULL, 2, NULL, 11, 3, 'Authentification', 'Les accès logiques aux données doivent être contrôlés. \r\nIl convient de détailler les moyens d’authentification mis en œuvre\r\nen précisant les règles applicables aux mots de passe \r\n(longueur minimale, structure obligatoire, durée de validité, nombre de tentatives infructueuses avant blocage du compte, etc.). Il faut mettre en places des mesures destinées à protéger les accès vers des réseaux publics (Internet) ou non maîtrisés (partenaires), ainsi que les postes de travail et les serveurs contre les codes malveillants qui pourraient affecter la sécurité des données.'),
(109, NULL, 3, NULL, 11, 2, 'Protection des traitements', 'Les données personnelles doivent être protégées contre tout\r\n traitement non autorisé par des mesures organisationnelles et techniques appropriées. Toute personne peut demander au maître d’un fichier si des données la concernant sont traitées.'),
(110, NULL, 3, NULL, 11, 3, 'Authentification', 'Les accès logiques aux données doivent être contrôlés. \r\nIl convient de détailler les moyens d’authentification mis en œuvre\r\nen précisant les règles applicables aux mots de passe \r\n(longueur minimale, structure obligatoire, durée de validité, nombre de tentatives infructueuses avant blocage du compte, etc.). Il faut mettre en places des mesures destinées à protéger les accès vers des réseaux publics (Internet) ou non maîtrisés (partenaires), ainsi que les postes de travail et les serveurs contre les codes malveillants qui pourraient affecter la sécurité les données à caractère personnel.'),
(111, NULL, 2, NULL, 12, 1, 'Limiter les accès', 'Le système peut limiter l\'accès aux données selon le principe du « besoin d’en connaître ». Le système peut séparer les données sensibles et appliquer des politiques de contrôle d\'accès spécifiques.\r\nLe système peut aussi chiffrer les données sensibles pour protéger leur confidentialité lors de la transmission et du stockage. L’accès aux fichiers cachés temporaires qui sont produits au cours du traitement des données devrait également être protégé. Il est primordial de vérifier si les données sont également référencées par les moteurs de recherche, ce qui facilite leur accès. Attention aussi à contrôler si elle sont en \"claires\" et que les personnes concernées sont reconnaissables.'),
(112, NULL, 3, NULL, 12, 1, 'Séparer les données sensibles', 'Le système peut limiter l\'accès aux données selon le principe du « besoin d’en connaître ». Le système peut séparer les données sensibles et appliquer des politiques de contrôle d\'accès spécifiques.\r\nLe système peut aussi chiffrer les données sensibles pour protéger leur confidentialité lors de la transmission et du stockage. L’accès aux fichiers cachés temporaires qui sont produits au cours du traitement des données devrait également être protégé. Il est primordial de vérifier si les données sont également référencées par les moteurs de recherche, ce qui facilite leur accès. Attention aussi à contrôler si elle sont en \"claires\" et que les personnes concernées sont reconnaissables.'),
(113, NULL, 1, NULL, 12, 2, 'Protection contre traitement non autorisé', 'Les données personnelles doivent être protégées contre tout\r\n traitement non autorisé par des mesures organisationnelles et techniques appropriées. Toute personne peut demander au maître d’un fichier si des données la concernant sont traitées.'),
(114, NULL, 2, NULL, 12, 2, 'Protection des traitements', 'Les données sensibles doivent être protégées contre tout\r\n traitement non autorisé par des mesures organisationnelles et techniques appropriées. Toute personne peut demander au maître d’un fichier si des données la concernant sont traitées.'),
(115, NULL, 1, NULL, 12, 1, 'Limiter les accès', 'Le système peut limiter l\'accès aux données selon le principe du « besoin d’en connaître ». L’accès aux fichiers cachés temporaires qui sont produits au cours du traitement des données devrait également être protégé. Il est primordial de vérifier si les données sont également référencées par les moteurs de recherche, ce qui facilite leur accès. Attention aussi à contrôler si elle sont en \"claires\" et que les personnes concernées sont reconnaissables.'),
(116, NULL, 1, NULL, 12, 3, 'Accès aux fichiers', 'Le système peut limiter l\'accès aux données selon le principe du « besoin d’en connaître ». Le système peut séparer les données sensibles et appliquer des politiques de contrôle d\'accès spécifiques.\r\nLe système peut aussi chiffrer les données pour protéger leur confidentialité lors de la transmission et du stockage. L’accès aux fichiers cachés temporaires qui sont produits au cours du traitement des données devrait également être protégé. Il est primordial de vérifier si les données sont également référencées par les moteurs de recherche, ce qui facilite leur accès. Attention aussi à contrôler si elle sont en \"claires\" et que les personnes concernées sont reconnaissables.'),
(117, NULL, 2, NULL, 12, 3, 'Accès aux fichiers', 'Le système peut limiter l\'accès aux données selon le principe du « besoin d’en connaître ». Le système peut séparer les données sensibles et appliquer des politiques de contrôle d\'accès spécifiques.\r\nLe système peut aussi chiffrer les données sensibles pour protéger leur confidentialité lors de la transmission et du stockage. L’accès aux fichiers cachés temporaires qui sont produits au cours du traitement des données devrait également être protégé. Il est primordial de vérifier si les données sont également référencées par les moteurs de recherche, ce qui facilite leur accès. Attention aussi à contrôler si elle sont en \"claires\" et que les personnes concernées sont reconnaissables.'),
(118, NULL, 3, NULL, 12, 2, 'Protection des traitements', 'Les données personnelles doivent être protégées contre tout\r\n traitement non autorisé par des mesures organisationnelles et techniques appropriées. Toute personne peut demander au maître d’un fichier si des données la concernant sont traitées.'),
(119, NULL, 3, NULL, 12, 3, 'Accès aux fichiers', 'Le système peut limiter l\'accès aux données selon le principe du « besoin d’en connaître ». Le système peut séparer les données sensibles et appliquer des politiques de contrôle d\'accès spécifiques.\r\nLe système peut aussi chiffrer les données sensibles pour protéger leur confidentialité lors de la transmission et du stockage. L’accès aux fichiers cachés temporaires qui sont produits au cours du traitement des données devrait également être protégé. Il est primordial de vérifier si les données sont également référencées par les moteurs de recherche, ce qui facilite leur accès. Attention aussi à contrôler si elle sont en \"claires\" et que les personnes concernées sont reconnaissables.'),
(120, NULL, 2, NULL, 13, 1, 'Informer l\'utilisateur', 'Il est obligatoire d\'informer l\'utilisateur au sujet de l\'utilisation de ses donnés. \r\nIl s\'agit de garantir l’information des personnes et donc d\'éviter la collecte de données à leur insu; vérifier que le traitement ne fait pas l’objet d’une exception ou de conditions particulières. Il est impératif de prendre en compte la protection des données à caractère personnel dans tout nouveau traitement.'),
(121, NULL, 3, NULL, 13, 1, 'Protection des données', 'Il est obligatoire d\'informer l\'utilisateur au sujet de l\'utilisation de ses donnés. \r\nIl s\'agit de garantir l’information des personnes et donc d\'éviter la collecte de données à leur insu; vérifier que le traitement ne fait pas l’objet d’une exception ou de conditions particulières. Il est impératif de prendre en compte la protection des données à caractère personnel dans tout nouveau traitement.'),
(122, NULL, 1, NULL, 13, 2, 'But indiqué lors de la collecte', 'Les données personnelles ne doivent être traitées que dans le but \r\nqui est indiqué lors de leur collecte, qui est prévu par une loi ou qui ressort des circonstances. La collecte de données personnelles, et en particulier les finalités du traitement, doivent être reconnaissables pour la personne concernée.'),
(123, NULL, 2, NULL, 13, 2, 'Consentement requis', 'Les données ne doivent être traitées que dans le but \r\nqui est indiqué lors de leur collecte, qui est prévu par une loi ou qui ressort des circonstances. La collecte de données, et en particulier les finalités du traitement, doivent être reconnaissables pour la personne concernée. Son consentement est requis pour justifier le traitement de données sensibles la concernant. Puisqu\'’il s’agit de données sensibles et de profils de la personnalité, son consentement doit être au surplus explicite.'),
(124, NULL, 1, NULL, 13, 1, 'Informer l\'utilisateur', 'Il est obligatoire d\'informer l\'utilisateur au sujet de l\'utilisation de ses donnés. \r\nIl s\'agit de garantir l’information des personnes et donc d\'éviter la collecte de données à leur insu; vérifier que le traitement ne fait pas l’objet d’une exception ou de conditions particulières. Il est impératif de prendre en compte la protection des données à caractère personnel dans tout nouveau traitement.'),
(125, NULL, 1, NULL, 13, 3, 'Utilisation des données', 'Il est obligatoire d\'informer l\'utilisateur au sujet de l\'utilisation de ses donnés. Les données personnelles ne doivent être traitées que dans le but \r\nqui est indiqué lors de leur collecte, qui est prévu par une loi ou qui ressort des circonstances. La collecte de données personnelles, et en particulier les finalités du traitement, doivent être facilement reconnaissables pour la personne concernée. '),
(126, NULL, 2, NULL, 13, 3, 'Utilisation des données', 'Il est obligatoire d\'informer l\'utilisateur au sujet de l\'utilisation de ses données. Les données ne doivent être traitées que dans le but \r\nqui est indiqué lors de leur collecte, qui est prévu par une loi ou qui ressort des circonstances. La collecte de données, et en particulier les finalités du traitement, doivent être facilement reconnaissables pour la personne concernée. '),
(127, NULL, 3, NULL, 13, 2, 'But indiqué lors de la collecte', 'Les données personnelles ne doivent être traitées que dans le but \r\nqui est indiqué lors de leur collecte, qui est prévu par une loi ou qui ressort des circonstances. La collecte de données personnelles, et en particulier les finalités du traitement, doivent être reconnaissables pour la personne concernée. Lorsque son consentement est requis pour justifier le traitement de données personnelles la concernant. Lorsqu’il s’agit de données sensibles et de profils de la personnalité, son consentement doit être au surplus explicite.'),
(128, NULL, 3, NULL, 13, 3, 'Utilisation des données', 'Il est obligatoire d\'informer l\'utilisateur au sujet de l\'utilisation de ses données. Les données ne doivent être traitées que dans le but \r\nqui est indiqué lors de leur collecte, qui est prévu par une loi ou qui ressort des circonstances. La collecte de données, et en particulier les finalités du traitement, doivent être facilement reconnaissables pour la personne concernée. '),
(129, NULL, 2, NULL, 14, 1, 'Consentement éclairé', 'Il est obligatoire d\'informer l\'utilisateur au sujet de l\'utilisation de ses donnés. \r\nIl s\'agit de garantir l’information des personnes et donc éviter la collecte de données à leur insu; vérifier que le traitement ne fait pas l’objet d’une exception ou de conditions particulières. Il est impératif de prendre en compte la protection des données à caractère personnel dans tout nouveau traitement; le consentement de l\'utilisateur doit être libre, spécifique et éclairé (pas de case précochée) et doit se faire par une déclaration ou par un acte positif clair, afin de notifier l\'utilisateur que des données à caractère personnel le concernant font l\'objet d\'un traitement. '),
(130, NULL, 3, NULL, 14, 1, 'Consentement éclairé', 'Il est obligatoire d\'informer l\'utilisateur au sujet de l\'utilisation de ses donnés. \r\nIl s\'agit de garantir l’information des personnes et donc éviter la collecte de données à leur insu; vérifier que le traitement ne fait pas l’objet d’une exception ou de conditions particulières. Il est impératif de prendre en compte la protection des données à caractère personnel dans tout nouveau traitement; le consentement de l\'utilisateur doit être libre, spécifique et éclairé (pas de case précochée) et doit se faire par une déclaration ou par un acte positif clair, afin de notifier l\'utilisateur que des données à caractère personnel le concernant font l\'objet d\'un traitement. '),
(131, NULL, 1, NULL, 14, 2, 'But indiqué lors de la collecte', 'Le consentement n\'est pas requis pour les données personnelles. Si il est demandé, les données personnelles ne doivent être traitées que dans le but \r\nqui est indiqué lors de leur collecte, qui est prévu par une loi ou qui ressort des circonstances. La collecte de données personnelles, et en particulier les finalités du traitement, doivent être reconnaissables pour la personne concernée. '),
(132, NULL, 2, NULL, 14, 2, 'Finalités de traitement', 'Les données ne doivent être traitées que dans le but \r\nqui est indiqué lors de leur collecte, qui est prévu par une loi ou qui ressort des circonstances. La collecte de données, et en particulier les finalités du traitement, doivent être reconnaissables pour la personne concernée. Son consentement est requis pour justifier le traitement de données personnelles la concernant, la personne concernée ne consent valablement que si elle exprime sa volonté librement et après avoir été dûment informée. Puisqu\'’il s’agit de données sensibles et de profils de la personnalité, son consentement doit être au surplus explicite.'),
(133, NULL, 1, NULL, 14, 1, 'Consentement éclairé', 'Il est obligatoire d\'informer l\'utilisateur au sujet de l\'utilisation de ses donnés. \r\nIl s\'agit de garantir l’information des personnes et donc éviter la collecte de données à leur insu; vérifier que le traitement ne fait pas l’objet d’une exception ou de conditions particulières. Il est impératif de prendre en compte la protection des données à caractère personnel dans tout nouveau traitement; le consentement de l\'utilisateur doit être libre, spécifique et éclairé (pas de case précochée) et doit se faire par une déclaration ou par un acte positif clair, afin de notifier l\'utilisateur que des données à caractère personnel le concernant font l\'objet d\'un traitement. '),
(134, NULL, 1, NULL, 14, 3, 'Utilisation des données', 'Il est obligatoire d\'informer l\'utilisateur au sujet de l\'utilisation de ses donnés. Le consentement de l\'utilisateur doit être libre, spécifique et éclairé (pas de case précochée) et doit se faire par une déclaration ou par un acte positif clair, afin de notifier l\'utilisateur que des données à caractère personnel le concernant font l\'objet d\'un traitement.  Les données personnelles ne doivent être traitées que dans le but \r\nqui est indiqué lors de leur collecte, qui est prévu par une loi ou qui ressort des circonstances. La collecte de données personnelles, et en particulier les finalités du traitement, doivent être facilement reconnaissables pour la personne concernée. '),
(135, NULL, 2, NULL, 14, 3, 'Utilisation des données', 'Il est obligatoire d\'informer l\'utilisateur au sujet de l\'utilisation de ses données. Le consentement de l\'utilisateur doit être libre, spécifique et éclairé (pas de case précochée) et doit se faire par une déclaration ou par un acte positif clair, afin de notifier l\'utilisateur que des données à caractère personnel le concernant font l\'objet d\'un traitement.  Les données ne doivent être traitées que dans le but \r\nqui est indiqué lors de leur collecte, qui est prévu par une loi ou qui ressort des circonstances. La collecte de données personnelles, et en particulier les finalités du traitement, doivent être facilement reconnaissables pour la personne concernée. '),
(136, NULL, 3, NULL, 14, 2, 'Consentement requis', 'Les données personnelles ne doivent être traitées que dans le but \r\nqui est indiqué lors de leur collecte, qui est prévu par une loi ou qui ressort des circonstances. La collecte de données personnelles, et en particulier les finalités du traitement, doivent être reconnaissables pour la personne concernée. Lorsque son consentement est requis pour justifier le traitement de données personnelles la concernant, la personne concernée ne consent valablement que si elle exprime sa volonté librement et après avoir été dûment informée. Lorsqu’il s’agit de données sensibles et de profils de la personnalité, son consentement doit être au surplus explicite.'),
(137, NULL, 3, NULL, 14, 3, 'Utilisation des données', 'Il est obligatoire d\'informer l\'utilisateur au sujet de l\'utilisation de ses données. Le consentement de l\'utilisateur doit être libre, spécifique et éclairé (pas de case précochée) et doit se faire par une déclaration ou par un acte positif clair, afin de notifier l\'utilisateur que des données à caractère personnel le concernant font l\'objet d\'un traitement.  Les données ne doivent être traitées que dans le but \r\nqui est indiqué lors de leur collecte, qui est prévu par une loi ou qui ressort des circonstances. La collecte de données personnelles, et en particulier les finalités du traitement, doivent être facilement reconnaissables pour la personne concernée. '),
(138, NULL, 2, NULL, 15, 1, 'Obligation d\'informer', 'Il est obligatoire d\'informer l\'utilisateur au sujet de l\'utilisation de ses données. \r\nIl s\'agit de garantir l’information des personnes et donc éviter la collecte de données à leur insu; vérifier que le traitement ne fait pas l’objet d’une exception ou de conditions particulières. Il est impératif de prendre en compte la protection des données à caractère personnel dans tout nouveau traitement; le consentement de l\'utilisateur doit être libre, spécifique et éclairé (pas de case précochée) et doit se faire par une déclaration ou par un acte positif clair, afin de notifier l\'utilisateur que des données à caractère personnel le concernant font l\'objet d\'un traitement. Un case précochée n\'est donc pas permise.'),
(139, NULL, 3, NULL, 15, 1, 'Obligation d\'informer', 'Il est obligatoire d\'informer l\'utilisateur au sujet de l\'utilisation de ses données. \r\nIl s\'agit de garantir l’information des personnes et donc éviter la collecte de données à leur insu; vérifier que le traitement ne fait pas l’objet d’une exception ou de conditions particulières. Il est impératif de prendre en compte la protection des données à caractère personnel dans tout nouveau traitement; le consentement de l\'utilisateur doit être libre, spécifique et éclairé (pas de case précochée) et doit se faire par une déclaration ou par un acte positif clair, afin de notifier l\'utilisateur que des données à caractère personnel le concernant font l\'objet d\'un traitement. Un case précochée n\'est donc pas permise.'),
(140, NULL, 1, NULL, 15, 2, 'Consentement pas requis', 'Le consentement n\'est pas requis pour les données personnelles. Si il est demandé, les données personnelles ne doivent être traitées que dans le but \r\nqui est indiqué lors de leur collecte, qui est prévu par une loi ou qui ressort des circonstances. La collecte de données personnelles, et en particulier les finalités du traitement, doivent être reconnaissables pour la personne concernée.'),
(141, NULL, 2, NULL, 15, 2, 'Finalités de traitement', 'Les données personnelles ne doivent être traitées que dans le but \r\nqui est indiqué lors de leur collecte, qui est prévu par une loi ou qui ressort des circonstances. La collecte de données, et en particulier les finalités du traitement, doivent être reconnaissables pour la personne concernée. Son consentement est requis pour justifier le traitement de données personnelles la concernant, la personne concernée ne consent valablement que si elle exprime sa volonté librement et après avoir été dûment informée. Puisqu\'’il s’agit de données sensibles et de profils de la personnalité, son consentement doit être au surplus explicite.'),
(142, NULL, 1, NULL, 15, 1, 'Obligation d\'informer l\'utilisateur', 'Il est obligatoire d\'informer l\'utilisateur au sujet de l\'utilisation de ses données. \r\nIl s\'agit de garantir l’information des personnes et donc éviter la collecte de données à leur insu; vérifier que le traitement ne fait pas l’objet d’une exception ou de conditions particulières. Il est impératif de prendre en compte la protection des données à caractère personnel dans tout nouveau traitement; le consentement de l\'utilisateur doit être libre, spécifique et éclairé (pas de case précochée) et doit se faire par une déclaration ou par un acte positif clair, afin de notifier l\'utilisateur que des données à caractère personnel le concernant font l\'objet d\'un traitement. Un case précochée n\'est donc pas permise.'),
(143, NULL, 1, NULL, 15, 3, 'Consentement obligatoire', 'Il est obligatoire d\'informer l\'utilisateur au sujet de l\'utilisation de ses données. Le consentement de l\'utilisateur doit être libre, spécifique et éclairé (pas de case précochée) et doit se faire par une déclaration ou par un acte positif clair, afin de notifier l\'utilisateur que des données à caractère personnel le concernant font l\'objet d\'un traitement. Les données personnelles ne doivent être traitées que dans le but \r\nqui est indiqué lors de leur collecte, qui est prévu par une loi ou qui ressort des circonstances. La collecte de données personnelles, et en particulier les finalités du traitement, doivent être facilement reconnaissables pour la personne concernée. '),
(144, NULL, 2, NULL, 15, 3, 'Consentement obligatoire', 'Il est obligatoire d\'informer l\'utilisateur au sujet de l\'utilisation de ses données. Le consentement de l\'utilisateur doit être libre, spécifique et éclairé (pas de case précochée) et doit se faire par une déclaration ou par un acte positif clair, afin de notifier l\'utilisateur que des données à caractère personnel le concernant font l\'objet d\'un traitement. Les données personnelles ne doivent être traitées que dans le but \r\nqui est indiqué lors de leur collecte, qui est prévu par une loi ou qui ressort des circonstances. La collecte de données personnelles, et en particulier les finalités du traitement, doivent être facilement reconnaissables pour la personne concernée. '),
(145, NULL, 3, NULL, 15, 2, 'Consentement requis', 'Les données personnelles ne doivent être traitées que dans le but \r\nqui est indiqué lors de leur collecte, qui est prévu par une loi ou qui ressort des circonstances. La collecte de données personnelles, et en particulier les finalités du traitement, doivent être reconnaissables pour la personne concernée. Lorsque son consentement est requis pour justifier le traitement de données personnelles la concernant, la personne concernée ne consent valablement que si elle exprime sa volonté librement et après avoir été dûment informée. Lorsqu’il s’agit de données sensibles et de profils de la personnalité, son consentement doit être au surplus explicite.'),
(146, NULL, 3, NULL, 15, 3, 'Consentement obligatoire', 'Il est obligatoire d\'informer l\'utilisateur au sujet de l\'utilisation de ses données. Le consentement de l\'utilisateur doit être libre, spécifique et éclairé (pas de case précochée) et doit se faire par une déclaration ou par un acte positif clair, afin de notifier l\'utilisateur que des données à caractère personnel le concernant font l\'objet d\'un traitement. Les données personnelles ne doivent être traitées que dans le but \r\nqui est indiqué lors de leur collecte, qui est prévu par une loi ou qui ressort des circonstances. La collecte de données personnelles, et en particulier les finalités du traitement, doivent être facilement reconnaissables pour la personne concernée. '),
(147, NULL, 2, NULL, 16, 1, 'Finalités déterminées', 'Les données doivent être collectées\r\npour des finalités déterminées, explicites et légitimes. Le Responsable de traitement doit disposer d’une base documentaire formalisant les objectifs et les règles à appliquer dans le domaine « Informatique et libertés » (plan d\'action, révision régulière de la politique « Informatique et libertés », etc.).'),
(148, NULL, 3, NULL, 16, 1, 'Finalités déterminées, explicites et légitimes', 'Les données à caractère personnel doivent être collectées\r\npour des finalités déterminées, explicites et légitimes. Le Responsable de traitement doit disposer d’une base documentaire formalisant les objectifs et les règles à appliquer dans le domaine « Informatique et libertés » (plan d\'action, révision régulière de la politique « Informatique et libertés », etc.).'),
(149, NULL, 1, NULL, 16, 2, 'Devoir d\'information', 'Lorsque son consentement est requis pour justifier le traitement de données personnelles la concernant, la personne concernée ne consent valablement que si elle exprime sa volonté librement et après avoir été dûment informée. '),
(150, NULL, 2, NULL, 16, 2, 'Informations à l\'utilisateur', 'Il est obligatoire d’informer la personne concernée de toute collecte de données sensibles ou de profils de la personnalité la concernant, que la collecte soit effectuée directement auprès d’elle ou auprès d’un tiers.\r\nLa personne concernée doit au moins recevoir les informations suivantes: l’identité du maître du fichier;\r\nles finalités du traitement pour lequel les données sont collectées; les catégories de destinataires des données si la communication des données est envisagée.\r\nLe maître du fichier est délié de son devoir d’informer si la personne concernée a déjà été informée; il n’est pas non plus tenu d’informer cette dernière si l’enregistrement ou la communication sont expressément prévus par la loi ou si le devoir d’informer est impossible à respecter ou nécessite des efforts disproportionnés.'),
(151, NULL, 1, NULL, 16, 1, 'Finalités déterminées', 'Les données à caractère personnel doivent être collectées\r\npour des finalités déterminées, explicites et légitimes. Le Responsable de traitement doit disposer d’une base documentaire formalisant les objectifs et les règles à appliquer dans le domaine « Informatique et libertés » (plan d\'action, révision régulière de la politique « Informatique et libertés », etc.).'),
(152, NULL, 1, NULL, 16, 3, 'Devoir d\'information', 'Le devoir d’information s\'applique à toutes les données personnelles. Même en cas de traitement de données simples comme le nom, le prénom, l’adresse, etc., l’information est obligatoire. Les données à caractère personnel doivent être collectées\r\npour des finalités déterminées, explicites et légitimes.'),
(153, NULL, 2, NULL, 16, 3, 'Devoir d\'information', 'Le devoir d’information s\'applique à toutes les données personnelles. Même en cas de traitement de données simples comme le nom, le prénom, l’adresse, etc., l’information est obligatoire. Les données à caractère personnel doivent être collectées\r\npour des finalités déterminées, explicites et légitimes.'),
(154, NULL, 3, NULL, 16, 2, 'Informer l\'utilisateur', 'Lorsque son consentement est requis pour justifier le traitement de données personnelles la concernant, la personne concernée ne consent valablement que si elle exprime sa volonté librement et après avoir été dûment informée. Lorsqu’il s’agit de données sensibles et de profils de la personnalité, son consentement doit être au surplus explicite. La personne concernée doit au moins recevoir les informations suivantes: l’identité du maître du fichier;\r\nles finalités du traitement pour lequel les données sont collectées; les catégories de destinataires des données si la communication des données est envisagée.\r\nLe maître du fichier est délié de son devoir d’informer si la personne concernée a déjà été informée; il n’est pas non plus tenu d’informer cette dernière si l’enregistrement ou la communication sont expressément prévus par la loi ou si le devoir d’informer est impossible à respecter ou nécessite des efforts disproportionnés.'),
(155, NULL, 3, NULL, 16, 3, 'Devoir d\'information', 'Le devoir d’information s\'applique à toutes les données personnelles. Même en cas de traitement de données simples comme le nom, le prénom, l’adresse, etc., l’information est obligatoire. Les données à caractère personnel doivent être collectées\r\npour des finalités déterminées, explicites et légitimes.'),
(156, NULL, 2, NULL, 17, 1, 'Finalités déterminées, explicites et légitimes', 'Les données doivent être collectées\r\npour des finalités déterminées, explicites et légitimes et ne sont pas traitées ultérieurement de manière incompatible avec ces finalités. Le Responsable de traitement doit disposer d’une base documentaire formalisant les objectifs et les règles à appliquer dans le domaine « Informatique et libertés » (plan d\'action, révision régulière de la politique « Informatique et libertés », etc.).'),
(157, NULL, 3, NULL, 17, 1, 'Finalités déterminées, explicites et légitimes', 'Les données à caractère personnel doivent être collectées\r\npour des finalités déterminées, explicites et légitimes et ne sont pas traitées ultérieurement de manière incompatible avec ces finalités. Le Responsable de traitement doit disposer d’une base documentaire formalisant les objectifs et les règles à appliquer dans le domaine « Informatique et libertés » (plan d\'action, révision régulière de la politique « Informatique et libertés », etc.).'),
(158, NULL, 1, NULL, 17, 2, 'Devoir d\'information', 'Lorsque son consentement est requis pour justifier le traitement de données personnelles la concernant, la personne concernée ne consent valablement que si elle exprime sa volonté librement et après avoir été dûment informée. '),
(159, NULL, 2, NULL, 17, 2, 'Informations à l\'utilisateur', 'Il est obligatoire d’informer d’informer la personne concernée de toute collecte de données sensibles ou de profils de la personnalité la concernant, que la collecte soit effectuée directement auprès d’elle ou auprès d’un tiers.\r\nLa personne concernée doit au moins recevoir les informations suivantes: l’identité du maître du fichier;\r\nles finalités du traitement pour lequel les données sont collectées; les catégories de destinataires des données si la communication des données est envisagée.\r\nLe maître du fichier est délié de son devoir d’informer si la personne concernée a déjà été informée; il n’est pas non plus tenu d’informer cette dernière si l’enregistrement ou la communication sont expressément prévus par la loi ou si le devoir d’informer est impossible à respecter ou nécessite des efforts disproportionnés.'),
(160, NULL, 1, NULL, 17, 1, 'Finalités déterminées', 'Les données à caractère personnel doivent être collectées\r\npour des finalités déterminées, explicites et légitimes et ne sont pas traitées ultérieurement de manière incompatible avec ces finalités. Le Responsable de traitement doit disposer d’une base documentaire formalisant les objectifs et les règles à appliquer dans le domaine « Informatique et libertés » (plan d\'action, révision régulière de la politique « Informatique et libertés », etc.).'),
(161, NULL, 1, NULL, 17, 3, 'Finalités déterminées, explicites et légitimes', 'Le devoir d’information s\'applique à toutes les données personnelles. Même en cas de traitement de données simples comme le nom, le prénom, l’adresse, etc., l’information est obligatoire. Les données à caractère personnel doivent être collectées\r\npour des finalités déterminées, explicites et légitimes. Elles ne sont pas traitées ultérieurement de manière incompatible avec ces finalités.'),
(162, NULL, 2, NULL, 17, 3, 'Finalités déterminées, explicites et légitimes', 'Le devoir d’information s\'applique à toutes les données personnelles. Même en cas de traitement de données simples comme le nom, le prénom, l’adresse, etc., l’information est obligatoire. Les données à caractère personnel doivent être collectées\r\npour des finalités déterminées, explicites et légitimes. Elles ne sont pas traitées ultérieurement de manière incompatible avec ces finalités.'),
(163, NULL, 3, NULL, 17, 2, 'Informer l\'utilisateur', 'Lorsque son consentement est requis pour justifier le traitement de données personnelles la concernant, la personne concernée ne consent valablement que si elle exprime sa volonté librement et après avoir été dûment informée. Lorsqu’il s’agit de données sensibles et de profils de la personnalité, son consentement doit être au surplus explicite. La personne concernée doit au moins recevoir les informations suivantes: l’identité du maître du fichier;\r\nles finalités du traitement pour lequel les données sont collectées; les catégories de destinataires des données si la communication des données est envisagée.\r\nLe maître du fichier est délié de son devoir d’informer si la personne concernée a déjà été informée; il n’est pas non plus tenu d’informer cette dernière si l’enregistrement ou la communication sont expressément prévus par la loi ou si le devoir d’informer est impossible à respecter ou nécessite des efforts disproportionnés.'),
(164, NULL, 3, NULL, 17, 3, 'Finalités déterminées, explicites et légitimes', 'Le devoir d’information s\'applique à toutes les données personnelles. Même en cas de traitement de données simples comme le nom, le prénom, l’adresse, etc., l’information est obligatoire. Les données à caractère personnel doivent être collectées\r\npour des finalités déterminées, explicites et légitimes. Elles ne sont pas traitées ultérieurement de manière incompatible avec ces finalités.'),
(165, NULL, 2, NULL, 18, 1, 'Finalités déterminées, explicites et légitimes', 'Les données doivent être collectées\r\npour des finalités déterminées, explicites et légitimes et ne sont pas traitées ultérieurement de manière incompatible avec ces finalités. Le Responsable de traitement doit disposer d’une base documentaire formalisant les objectifs et les règles à appliquer dans le domaine « Informatique et libertés » (plan d\'action, révision régulière de la politique « Informatique et libertés », etc.).'),
(166, NULL, 3, NULL, 18, 1, 'Finalités déterminées, explicites et légitimes', 'Les données à caractère personnel doivent être collectées\r\npour des finalités déterminées, explicites et légitimes et ne sont pas traitées ultérieurement de manière incompatible avec ces finalités. Le Responsable de traitement doit disposer d’une base documentaire formalisant les objectifs et les règles à appliquer dans le domaine « Informatique et libertés » (plan d\'action, révision régulière de la politique « Informatique et libertés », etc.).'),
(167, NULL, 1, NULL, 18, 2, 'Devoir d\'information', 'Lorsque son consentement est requis pour justifier le traitement de données personnelles la concernant, la personne concernée ne consent valablement que si elle exprime sa volonté librement et après avoir été dûment informée. '),
(168, NULL, 2, NULL, 18, 2, 'Informations à l\'utilisateur', 'Il est obligatoire d’informer d’informer la personne concernée de toute collecte de données sensibles ou de profils de la personnalité la concernant, que la collecte soit effectuée directement auprès d’elle ou auprès d’un tiers.\r\nLa personne concernée doit au moins recevoir les informations suivantes: l’identité du maître du fichier;\r\nles finalités du traitement pour lequel les données sont collectées; les catégories de destinataires des données si la communication des données est envisagée.\r\nLe maître du fichier est délié de son devoir d’informer si la personne concernée a déjà été informée; il n’est pas non plus tenu d’informer cette dernière si l’enregistrement ou la communication sont expressément prévus par la loi ou si le devoir d’informer est impossible à respecter ou nécessite des efforts disproportionnés.'),
(169, NULL, 1, NULL, 18, 1, 'Obligation d\'informer', 'Les données à caractère personnel doivent être collectées\r\npour des finalités déterminées, explicites et légitimes et ne sont pas traitées ultérieurement de manière incompatible avec ces finalités. Le Responsable de traitement doit disposer d’une base documentaire formalisant les objectifs et les règles à appliquer dans le domaine « Informatique et libertés » (plan d\'action, révision régulière de la politique « Informatique et libertés », etc.).'),
(170, NULL, 1, NULL, 18, 3, 'Obligation d\'informer', 'Le devoir d’information s\'applique à toutes les données personnelles. Même en cas de traitement de données simples comme le nom, le prénom, l’adresse, etc., l’information est obligatoire. Les données à caractère personnel doivent être collectées\r\npour des finalités déterminées, explicites et légitimes.'),
(171, NULL, 2, NULL, 18, 3, 'Obligation d\'informer', 'Le devoir d’information s\'applique à toutes les données sensibles. Elles doivent être collectées\r\npour des finalités déterminées, explicites et légitimes.'),
(172, NULL, 3, NULL, 18, 2, 'Informer l\'utilisateur', 'Lorsque son consentement est requis pour justifier le traitement de données personnelles la concernant, la personne concernée ne consent valablement que si elle exprime sa volonté librement et après avoir été dûment informée. Lorsqu’il s’agit de données sensibles et de profils de la personnalité, son consentement doit être au surplus explicite. La personne concernée doit au moins recevoir les informations suivantes: l’identité du maître du fichier;\r\nles finalités du traitement pour lequel les données sont collectées; les catégories de destinataires des données si la communication des données est envisagée.\r\nLe maître du fichier est délié de son devoir d’informer si la personne concernée a déjà été informée; il n’est pas non plus tenu d’informer cette dernière si l’enregistrement ou la communication sont expressément prévus par la loi ou si le devoir d’informer est impossible à respecter ou nécessite des efforts disproportionnés.'),
(173, NULL, 3, NULL, 18, 3, 'Obligation d\'informer', 'Le devoir d’information s\'applique à toutes les données personnelles. Même en cas de traitement de données simples comme le nom, le prénom, l’adresse, etc., l’information est obligatoire. Les données à caractère personnel doivent être collectées\r\npour des finalités déterminées, explicites et légitimes.');

-- --------------------------------------------------------

--
-- Structure de la table `type`
--

CREATE TABLE `type` (
  `id` int(11) NOT NULL,
  `nom` varchar(50) NOT NULL
) ENGINE=InnoDB DEFAULT CHARSET=latin1;

--
-- Déchargement des données de la table `type`
--

INSERT INTO `type` (`id`, `nom`) VALUES
(1, 'Personnelles'),
(2, 'Sensibles'),
(3, 'Les deux');

--
-- Index pour les tables déchargées
--

--
-- Index pour la table `choix`
--
ALTER TABLE `choix`
  ADD PRIMARY KEY (`id`),
  ADD KEY `fk_choix_question` (`idQuestion`);

--
-- Index pour la table `lab`
--
ALTER TABLE `lab`
  ADD PRIMARY KEY (`id`);

--
-- Index pour la table `perimetre`
--
ALTER TABLE `perimetre`
  ADD PRIMARY KEY (`id`);

--
-- Index pour la table `question`
--
ALTER TABLE `question`
  ADD PRIMARY KEY (`id`);

--
-- Index pour la table `responsable`
--
ALTER TABLE `responsable`
  ADD PRIMARY KEY (`id`);

--
-- Index pour la table `resultat`
--
ALTER TABLE `resultat`
  ADD PRIMARY KEY (`id`),
  ADD KEY `fk_resultat_lab` (`idLab`),
  ADD KEY `fk_resultat_type` (`idType`),
  ADD KEY `fk_resultat_responsable` (`idResponsable`),
  ADD KEY `fk_resultat_choix` (`idChoix`),
  ADD KEY `fk_resultat_perimetre` (`idPerimetre`);

--
-- Index pour la table `type`
--
ALTER TABLE `type`
  ADD PRIMARY KEY (`id`);

--
-- AUTO_INCREMENT pour les tables déchargées
--

--
-- AUTO_INCREMENT pour la table `choix`
--
ALTER TABLE `choix`
  MODIFY `id` int(11) NOT NULL AUTO_INCREMENT, AUTO_INCREMENT=20;

--
-- AUTO_INCREMENT pour la table `lab`
--
ALTER TABLE `lab`
  MODIFY `id` int(11) NOT NULL AUTO_INCREMENT, AUTO_INCREMENT=16;

--
-- AUTO_INCREMENT pour la table `perimetre`
--
ALTER TABLE `perimetre`
  MODIFY `id` int(11) NOT NULL AUTO_INCREMENT, AUTO_INCREMENT=4;

--
-- AUTO_INCREMENT pour la table `question`
--
ALTER TABLE `question`
  MODIFY `id` int(11) NOT NULL AUTO_INCREMENT, AUTO_INCREMENT=7;

--
-- AUTO_INCREMENT pour la table `responsable`
--
ALTER TABLE `responsable`
  MODIFY `id` int(11) NOT NULL AUTO_INCREMENT, AUTO_INCREMENT=3;

--
-- AUTO_INCREMENT pour la table `resultat`
--
ALTER TABLE `resultat`
  MODIFY `id` int(11) NOT NULL AUTO_INCREMENT, AUTO_INCREMENT=174;

--
-- AUTO_INCREMENT pour la table `type`
--
ALTER TABLE `type`
  MODIFY `id` int(11) NOT NULL AUTO_INCREMENT, AUTO_INCREMENT=4;

--
-- Contraintes pour les tables déchargées
--

--
-- Contraintes pour la table `choix`
--
ALTER TABLE `choix`
  ADD CONSTRAINT `fk_choix_question` FOREIGN KEY (`idQuestion`) REFERENCES `question` (`id`);

--
-- Contraintes pour la table `resultat`
--
ALTER TABLE `resultat`
  ADD CONSTRAINT `fk_resultat_choix` FOREIGN KEY (`idChoix`) REFERENCES `choix` (`id`),
  ADD CONSTRAINT `fk_resultat_lab` FOREIGN KEY (`idLab`) REFERENCES `lab` (`id`),
  ADD CONSTRAINT `fk_resultat_perimetre` FOREIGN KEY (`idPerimetre`) REFERENCES `perimetre` (`id`),
  ADD CONSTRAINT `fk_resultat_responsable` FOREIGN KEY (`idResponsable`) REFERENCES `responsable` (`id`),
  ADD CONSTRAINT `fk_resultat_type` FOREIGN KEY (`idType`) REFERENCES `type` (`id`);
COMMIT;

/*!40101 SET CHARACTER_SET_CLIENT=@OLD_CHARACTER_SET_CLIENT */;
/*!40101 SET CHARACTER_SET_RESULTS=@OLD_CHARACTER_SET_RESULTS */;
/*!40101 SET COLLATION_CONNECTION=@OLD_COLLATION_CONNECTION */;
